Country,1991,1992,1993,1994,1995,1996,1997,1998,1999,2000,2001,2002,2003,2004,2005,2006,2007,2008,2009,2010,2011,2012,2013,2014,2015,2016,2017,2018,2019,2020,2021
Luxembourg,33183.28887,34090.33822,35852.69386,37471.3923,38264.9051,39699.51228,42445.9714,44217.94756,49744.96918,55039.68215,56091.22818,58513.3936,60115.00662,64634.07135,68707.78171,78818.98902,84994.14541,90863.78408,86804.64935,90256.29524,94278.92285,96535.74583,100561.3664,104917.9457,107898.3042,112955.4702,114862.5288,116334.7247,119252.8129,119871.4294,131277.9487
Ireland,14433.41427,15131.43421,15822.62281,17033.48225,18985.14495,20546.01127,22697.69291,25083.64041,27041.4282,30217.08759,32593.05288,35222.81925,36280.27241,38761.41151,40465.31651,44264.97102,46765.45015,44105.36448,41438.74436,43213.49148,45100.56693,46409.67231,47882.0677,51195.98095,69165.90065,71633.12881,78051.65425,84824.33554,89846.27221,94028.90116,106852.1222
Switzerland,28458.91304,28830.70869,29283.89659,30082.42422,30587.03911,31243.30301,32441.52317,33544.39512,34401.80917,36349.73425,37513.4577,38410.60409,38448.43424,39884.88344,41244.64377,45959.33641,50583.78385,53498.0131,52735.01748,54351.18993,57493.56602,59440.93409,61656.49098,63417.04308,65265.05083,67350.73519,68193.50296,70688.84449,72668.38444,70804.01401,75950.57042
Norway,19580.40057,20626.30135,21585.07014,23027.01709,24363.23552,26828.34997,28610.2428,28190.628,30554.45254,36941.27576,37768.16964,37981.68638,38594.14893,42549.33552,47800.54063,54148.84732,55938.55589,61719.34366,55364.05695,57921.8025,62077.8458,65349.21616,66956.28596,65895.66761,60352.71691,58923.24014,64050.36669,69807.22554,69264.45399,64166.76577,80495.60652
United States,24289.54759,25378.62464,26350.49293,27660.26836,28657.51272,29932.15777,31424.43893,32817.982,34479.79436,36299.66218,37100.28574,37954.22201,39419.90737,41659.66269,44052.383,46234.10571,47976.20121,48498.44521,47122.98854,48570.28973,49951.90765,51644.99166,53116.52197,54914.36823,56520.60923,57592.69152,59589.23392,62449.61283,64690.2724,63480.86122,70181.12175
Iceland,22400.32148,21874.97968,22455.40938,23566.08427,23962.17447,24777.76395,26896.22935,28748.33466,29576.84157,29783.70203,31866.28337,32598.37602,32725.63502,35552.36198,37427.93497,39626.98036,41490.12904,43456.21676,41774.49712,39779.85396,40938.66455,42006.54335,44404.73159,45995.00169,49203.29499,53486.61577,55638.49198,57208.31151,59994.24691,54649.87216,58297.11441
Netherlands,20152.01712,20805.4996,21414.18208,22385.86653,23447.5133,24516.86566,26016.97997,27710.59373,29268.68549,31874.20797,33185.76674,34447.05337,34151.73595,35809.48481,37625.25244,41008.0753,43943.22042,46419.04259,44560.37855,45044.32212,46599.22766,47271.96823,49242.78671,49233.23035,50288.35282,52289.40429,55089.58143,57825.39971,60207.71305,59815.50154,63418.7472
Austria,20618.03694,21293.74118,21733.35372,22643.34432,23698.62927,24561.1605,25427.22674,26676.2465,27606.48424,29380.03111,29707.46226,31178.05144,32158.22591,33784.43265,35024.55748,37659.84067,39436.42013,41316.02264,40929.33675,42020.55064,44469.20964,46477.65508,47936.67796,48813.53441,49942.05629,52665.08746,54188.36067,56956.11056,59719.33165,57253.30056,59976.26467
Denmark,19076.11451,19827.27247,20228.99902,21691.64751,22712.29888,23746.74623,24928.85643,25821.16869,26657.82737,28670.72822,29451.74236,30639.95369,30825.00165,32948.15276,34152.88166,37330.82551,39020.79979,41282.99547,40334.27111,43007.73155,44407.94207,44808.54921,46742.93966,47905.47708,49058.14234,51967.02044,55356.49009,57479.35022,59883.83628,60840.94016,64897.76911
Australia,18177.56368,19157.69096,20184.94601,21432.77545,22442.31684,23289.40183,24477.4138,25708.26383,27139.2482,28312.86654,29546.38199,30807.51408,32391.46999,34000.18232,35659.12549,37938.79208,39687.44861,40130.34169,41672.93617,42816.44175,44440.57948,43884.6356,47763.2159,47606.75493,47226.75975,50136.79838,50690.61954,52991.2149,52732.06568,55690.9186,61977.19618
Germany,21007.38327,21755.95195,21932.56668,22879.91186,23673.41896,24211.7378,24731.37644,25533.31983,26510.2287,27454.72864,28662.90428,29504.28924,30270.77236,31741.86242,32236.74099,34661.73713,36862.53509,38432.44821,37467.08611,39676.46095,42541.51313,43359.54105,44993.66784,47011.2804,47609.55716,50579.48372,53071.47837,55195.72205,57397.20459,56476.93431,58784.13886
Sweden,20734.27928,20837.76572,20769.58019,21890.84587,23107.80285,23934.63679,24806.21109,25888.9416,27471.4765,29622.3661,29932.17465,30926.361,31816.34059,33858.90731,34244.35929,37724.67254,40909.68262,42158.29643,40281.63109,42223.3124,44608.58489,45432.43101,46312.3974,47184.67317,49103.13195,50430.25079,51947.95578,53521.63578,56404.03236,56135.14136,60111.61264
Belgium,19599.30247,20269.73153,20471.13838,21518.98195,22447.55031,22744.39956,23733.31705,24370.04646,25441.89139,27789.05351,28791.40584,30281.66799,30934.59859,32063.6738,33176.68088,35253.92329,36794.2342,37883.23342,37753.27627,39837.99795,40943.34348,42290.47767,43672.71229,44929.93333,46201.68589,48599.20268,50442.94752,52530.84151,55800.82599,54539.03253,58806.11925
Finland,17560.45385,17271.40972,17479.16654,18480.03978,19588.09924,20088.20722,21795.07734,23578.01438,24767.16397,26788.42875,27800.10418,28605.12292,29052.831,31201.74722,32051.76289,34449.88856,37842.67643,40083.70194,37974.10951,38955.56386,40916.64733,40872.8548,41492.91842,41749.86473,42490.21105,44934.48825,47570.27035,49573.25577,51811.35616,52289.30316,54687.8598
Canada,20224.6806,20626.20898,21440.05255,22632.83127,23485.64344,24050.17614,25259.72536,26319.93026,27841.62958,29362.28957,30231.00503,30963.22201,32350.07088,33925.89256,36327.66206,38120.17679,39575.32497,40376.33017,38865.40602,40099.49789,41666.71885,42290.87908,44298.51446,45753.78294,44670.05437,46472.36877,48317.19116,49992.81142,49832.29798,47228.37249,53074.08826
United Kingdom,17442.79015,17866.43651,18703.42133,19786.77443,20623.83486,21978.21672,23084.30584,23713.42314,24514.04251,26542.4601,27895.04393,29093.12223,30354.86943,32093.99795,32740.65614,34760.17201,35547.7247,36760.88619,35104.48425,36583.9903,37245.25009,38329.61108,39989.08072,41288.47953,42601.74744,44230.58883,46117.22568,47219.46477,49317.5117,45867.7578,49765.08056
France,18342.39517,18966.17806,19210.09989,20008.54316,20783.12733,21363.20684,22247.83346,23364.49867,24311.40386,26098.27686,27498.59076,28528.15611,28178.37205,29065.20308,30504.05878,32470.14639,34132.16223,35102.87043,34687.98853,35911.51601,37447.94954,37684.19807,39528.47364,40144.05949,40829.89331,42855.94456,44445.59677,46336.93399,50221.99711,47823.91958,50998.9332
Japan,21204.241,21800.91847,22149.2197,22834.75171,23865.91364,25009.68209,25629.42066,25520.19654,25744.91658,27289.85193,27946.08314,28633.69892,29411.59288,30837.17542,32174.40011,33638.84126,35021.73222,35278.74985,33550.68955,35342.82472,36215.00627,37628.67599,39436.68259,39559.76347,40908.78155,40642.70453,41531.22162,42264.58512,42421.34874,41770.9336,42782.46908
Italy,19546.02043,20150.57448,20439.80511,21320.9835,22396.11722,23059.47945,23876.30122,25022.24072,25602.38648,27076.13472,28035.33339,28721.07628,29154.45206,29481.84134,30028.48898,32306.68003,33960.25594,35292.60186,34337.41901,34839.41653,36203.32852,36091.37396,36267.92535,36475.97606,37206.33182,40267.22262,41951.46633,43427.66314,45799.52693,43140.24658,46674.61412
New Zealand,14520.05631,14888.22914,15884.74428,16993.87523,17801.99437,18366.34282,19072.8267,19285.60368,20537.59563,21457.79758,22411.30493,23180.06498,23882.39925,25012.23645,25590.12745,27664.07739,29273.79478,29748.93157,30574.08016,31127.47463,32638.10333,32916.91304,36084.86578,37084.79414,37246.95114,39696.94607,42008.21108,42334.17358,45619.99792,45414.70245,47045.37309
South Korea,9474.577826,10184.84682,11030.61911,12187.12939,13502.58004,14693.99328,15721.56197,14974.49879,16807.01302,18538.87931,19724.49424,21396.71919,22096.02308,23773.59083,25186.6381,26884.4294,29064.70197,29945.89922,29508.28276,31736.70016,32546.51773,33557.03045,34244.23949,35324.2603,37902.36102,39575.30208,40957.34706,43044.34015,43410.14953,44698.28282,46888.67904
Israel,20497.52054,21555.83496,22187.59665,22796.28633,23274.79906,25627.71729,25670.07321,25962.20434,24559.38846,25951.20238,25510.65449,26207.59691,28025.23282,27833.89162,27916.34872,29309.6374,31172.65097,32336.08856,34755.38228,34755.76451,35877.11497,38220.11912,39464.35342,40247.08838,40950.3843,40223.17989,44060.51862,,,,
Czech Republic,11655.62003,11850.36547,12123.72874,12736.02198,13855.63267,14689.90856,14825.65829,14977.57594,15397.92282,16210.1377,17610.74958,18245.66901,19524.25779,20912.04591,22045.99888,23855.58792,26224.53077,27853.5499,27637.15866,27768.00435,28999.75476,29258.90485,30828.52641,32504.21758,33909.30924,36101.2856,38842.89627,41157.37041,44223.08816,42813.74134,44801.66688
Spain,14308.92851,14736.5513,14897.67323,15550.54177,16290.83407,16982.55714,17916.43016,19101.97196,19962.79211,21594.38821,23000.28315,24376.32871,25042.10789,26182.02831,27600.93718,30741.22645,32466.53163,33242.24543,32090.92345,31692.05273,31872.36309,31724.78535,32463.12368,33558.97667,34945.48161,37333.06491,39601.47963,40776.7683,43135.53943,37992.36888,40724.03471
Estonia,5745.887815,5906.246185,6428.848583,6845.404872,7942.85324,8408.842849,8479.421302,9393.571268,10281.92467,11628.29595,13090.35094,14496.52372,16584.41109,19286.7924,22160.97259,22780.0071,20460.80316,21589.56589,24515.48857,25946.94489,27418.68964,28917.83366,29222.74808,31310.1521,33867.80354,36488.63742,39068.18369,39456.8121,43494.06995,,
Slovakia,7186.996118,7471.896861,8071.828947,8695.889475,9407.185994,10085.99257,10622.86499,10714.98961,11352.87115,12386.40559,13307.8781,14166.01713,15197.88318,16595.2616,18848.6133,21138.41903,23608.97752,22948.25156,25222.34168,26260.18476,27000.73026,28021.09042,29029.58768,30062.17965,29737.53009,30147.01598,31374.188,33461.91292,32898.85299,33941.41438,
Portugal,12732.02749,13169.35221,13191.3487,13570.3785,14407.38628,14922.06946,15788.98135,16687.81233,17718.19956,18879.24878,19528.01433,20356.72156,20852.03205,21477.86547,22725.35161,24679.09911,25735.87316,26665.77158,26460.43818,27261.55633,26769.42769,26438.14047,27936.0063,28742.31313,29660.8459,31607.61019,33044.70015,34928.61899,37299.00721,34952.24306,36760.99658
Poland,5952.792425,6231.110284,6608.958097,7101.596058,7749.995924,8350.77382,9020.277064,9582.234118,10143.29528,10674.31829,11120.61504,11803.76136,12292.07259,13354.52728,13898.41301,15153.81561,16806.70684,18308.03899,19075.2742,20633.32702,22386.22712,23300.92291,24028.18672,25005.65569,26495.81492,27830.92774,29609.44637,31662.21054,34592.71136,34893.45977,37710.71133
Hungary,8347.800585,8294.055778,8466.339298,8930.605346,9192.794517,9352.492261,9825.03661,10398.57617,10873.24787,11854.80224,13210.001,14526.38825,15478.91432,16268.93197,17108.3406,18381.07124,19096.40591,20721.50241,20723.7884,21742.34521,23029.44718,23267.44839,24547.98046,25691.52734,26798.85423,27941.92675,29496.16375,31908.66192,34638.67196,34156.84004,36677.80317
Greece,13974.82747,14288.76562,14314.48666,14845.21571,15433.58123,16150.23418,17156.1799,18034.52923,18464.72645,19518.88733,20958.05566,22615.95744,23897.58173,25460.55072,25577.44544,28544.90907,29323.44949,30855.93577,30360.76723,27912.60063,25671.40912,24911.13028,25986.6407,26625.1593,26760.2808,27511.8032,28604.82915,29617.51863,31155.80052,28413.78468,31289.24776
Turkey,8507.721949,9071.655606,9872.918163,9383.884131,10111.68623,10832.18213,11651.15283,8937.787518,8625.279388,9476.068839,9143.012061,9279.072677,9597.866886,10884.31478,11910.60672,13639.66403,14864.72187,16038.23165,15443.44598,17346.4713,19590.85837,20627.44073,22373.13654,24104.98458,25855.91268,26695.90937,28193.0614,28281.47328,28011.1913,27971.20359,30671.74602
Chile,5166.520322,5827.459337,6270.746691,6653.874353,7388.385632,7970.38103,8589.0995,8927.893178,8909.772429,9440.041983,9845.971228,10205.70338,10779.63889,11682.59892,12600.90585,15589.15685,16771.1829,16449.61404,16028.55,18041.31482,20235.5706,21458.81166,22295.7397,22650.71239,22563.58177,23384.61267,24479.45871,25496.4314,25517.79402,24606.96844,28105.05092
Mexico,7616.689733,7938.419674,8280.532735,8736.564824,8231.658739,8820.661494,9456.139259,9925.675065,10216.05314,10870.09212,10937.1379,10999.98034,11308.49237,11926.99599,12521.72683,13703.79152,14215.81774,14859.23399,14497.97004,15228.50112,16521.77444,17195.05701,17437.04208,18153.35104,18430.2189,19791.25977,20201.85655,20561.2469,20244.60742,18466.90998,19445.00585
