Name,Age,Team,Salary
James Harden,25,HOU,23500000
Chris Paul,29,LAC,23410988
Stephen Curry,26,GSW,23180790
Anthony Davis,21,NOP,22458401
DeAndre Jordan,26,LAC,21436271
Jimmy Butler,25,CHI,20644400
Damian Lillard,24,POR,20644400
Russell Westbrook,26,OKC,20068563
Pau Gasol,34,CHI,19754465
Kyrie Irving,22,CLE,19317326
LeBron James,30,CLE,18995624
Tyson Chandler,32,DAL,18862876
Marc Gasol,30,MEM,17674613
Tim Duncan,38,SAS,16500000
Rudy Gobert,22,UTA,16256000
Blake Griffin,25,LAC,15925680
Klay Thompson,24,GSW,15829688
Gordon Hayward,24,UTA,15719063
Al Horford,28,ATL,15719063
Kevin Love,26,CLE,15719062
LaMarcus Aldridge,29,POR,15012000
Marcin Gortat,30,WAS,15000000
Kawhi Leonard,23,SAS,14898938
Draymond Green,24,GSW,14898938
Derrick Favors,23,UTA,14898938
Paul Millsap,29,ATL,14898938
Jonas Valanciunas,22,TOR,14846887
Danny Green,27,SAS,14746000
John Wall,24,WAS,14746000
Andre Drummond,21,DET,14746000
Jeff Teague,26,ATL,14728844
Kyle Korver,33,ATL,14700000
Dirk Nowitzki,36,DAL,14000000
Zach Randolph,33,MEM,13666667
Kyle Lowry,28,TOR,13550000
Eric Bledsoe,25,PHO,13000000
DeMarre Carroll,28,ATL,13000000
Ty Lawson,27,DEN,12972973
Brook Lopez,26,BRK,12950000
Nikola Vucevic,24,ORL,12909091
Mike Conley,27,MEM,12700000
Goran Dragic,28,TOT,12500000
Greg Monroe,24,DET,12350000
Tristan Thompson,23,CLE,12289544
Harrison Barnes,22,GSW,12100000
Khris Middleton,23,MIL,12000000
J.J. Redick,30,LAC,12000000
Trevor Ariza,29,HOU,12000000
Lou Williams,28,TOR,12000000
Tyler Zeller,25,BOS,11765500
Enes Kanter,22,TOT,11595506
Ed Davis,25,LAL,11500000
Giannis Antetokounmpo,20,MIL,11440124
Wesley Matthews,28,POR,11265416
Rudy Gay,28,SAC,11250000
Patrick Patterson,25,TOR,11000000
Isaiah Thomas,25,TOT,10854850
Brandan Wright,27,TOT,10629213
DeMarcus Cousins,24,SAC,10434782
Nikola Mirotic,23,CHI,10361446
Anthony Morrow,29,OKC,10105855
Timofey Mozgov,28,TOT,10100000
Kenneth Faried,25,DEN,9904495
Serge Ibaka,25,OKC,9714461
Joakim Noah,29,CHI,9704595
Chandler Parsons,26,DAL,9660869
Paul Pierce,37,WAS,9500000
Luol Deng,29,MIA,9445000
George Hill,28,IND,9388000
Brandon Bass,29,BOS,9250000
Hassan Whiteside,25,MIA,9154342
Nicolas Batum,26,POR,9000000
Andrew Bogut,30,GSW,9000000
Jeff Green,28,TOT,8694216
Andre Iguodala,31,GSW,8579089
Amir Johnson,27,TOR,8579088
Robin Lopez,26,POR,8575000
Omer Asik,28,NOP,8491500
Gorgui Dieng,25,MIN,8360000
Reggie Jackson,24,TOT,8000000
P.J. Tucker,29,PHO,8000000
Kevin Durant,26,OKC,8000000
Taj Gibson,29,CHI,8000000
Tobias Harris,22,ORL,8000000
Courtney Lee,29,MEM,8000000
Mason Plumlee,24,BRK,7974482
Al Jefferson,30,CHO,7900000
Donatas Motiejunas,24,HOU,7750000
Tyreke Evans,25,NOP,7707865
Markieff Morris,25,PHO,7500000
Cory Joseph,23,SAS,7245640
Brandon Knight,23,TOT,7238606
Kemba Walker,24,CHO,7191011
Luis Scola,34,IND,7128000
Matt Barnes,34,LAC,7097191
David West,34,IND,7070730
Marvin Williams,28,CHO,7000000
Devin Harris,31,DAL,7000000
Roy Hibbert,28,IND,7000000
Zaza Pachulia,30,MIL,6900000
Steven Adams,21,OKC,6792500
Tony Allen,33,MEM,6792500
Jared Dudley,29,MIL,6757913
Mike Dunleavy,34,CHI,6680000
James Johnson,27,TOR,6601125
Joe Johnson,33,BRK,6600000
Tony Parker,32,SAS,6541000
Bismack Biyombo,22,CHO,6516000
Robert Covington,24,PHI,6500000
DeMar DeRozan,25,TOR,6400000
Ersan Ilyasova,27,MIL,6331404
Marcus Morris,25,PHO,6300000
Nerlens Noel,20,PHI,6253521
Marreese Speights,27,GSW,6250000
Tiago Splitter,30,SAS,6124729
Rodney Stuckey,28,IND,6037500
Jared Sullinger,22,BOS,6000000
C.J. Watson,30,IND,6000000
Aron Baynes,28,SAS,5958750
Jae Crowder,24,TOT,5871309
Danilo Gallinari,26,DEN,5850313
Darren Collison,27,SAC,5831326
Kris Humphries,29,WAS,5700000
Michael Kidd-Gilchrist,21,CHO,5694674
Cody Zeller,22,CHO,5607240
Bradley Beal,21,WAS,5563920
Manu Ginobili,37,SAS,5510640
J.R. Smith,29,TOT,5479934
Chris Andersen,36,MIA,5450000
Trevor Booker,27,UTA,5450000
Chris Bosh,30,MIA,5450000
Wilson Chandler,27,DEN,5381750
Jamal Crawford,34,LAC,5381750
Boris Diaw,32,SAS,5375000
Monta Ellis,29,DAL,5305000
Gerald Henderson,27,CHO,5305000
John Henson,24,MIL,5305000
Dwight Howard,29,HOU,5305000
C.J. Miles,27,IND,5200000
Kelly Olynyk,23,BOS,5138430
Amar'e Stoudemire,32,TOT,5070686
Jason Terry,37,HOU,5016960
Beno Udrih,32,MEM,5000000
Deron Williams,30,BRK,5000000
Ryan Anderson,26,NOP,5000000
Patrick Beverley,26,HOU,4994420
Solomon Hill,23,IND,4978200
Jonas Jerebko,27,TOT,4930560
Victor Oladipo,22,ORL,4900963
Dwyane Wade,33,MIA,4831461
D.J. Augustin,27,TOT,4800000
Tyler Hansbrough,29,TOR,4797664
Jrue Holiday,24,NOP,4702500
Alex Len,21,PHO,4650000
Al-Farouq Aminu,24,DAL,4625000
Aaron Brooks,30,CHI,4505280
Brandon Jennings,25,DET,4500000
Chris Kaman,32,POR,4500000
Kosta Koufos,25,MEM,4500000
Shaun Livingston,29,GSW,4470480
Alexis Ajinca,26,NOP,4382576
David Lee,31,GSW,4300000
Tarik Black,23,TOT,4250000
Corey Brewer,28,TOT,4205000
Jodie Meeks,27,DET,4150000
Thaddeus Young,26,TOT,4062000
Nene Hilario,32,WAS,4030560
Terrence Jones,23,HOU,4025000
Carmelo Anthony,30,NYK,4000000
Marco Belinelli,28,SAS,4000000
Eric Gordon,26,NOP,3992040
Quincy Pondexter,26,TOT,3965074
Marcus Smart,20,BOS,3911981
Lavoy Allen,25,IND,3898692
Leandro Barbosa,32,GSW,3878896
Kentavious Caldwell-Pope,21,DET,3873398
Mario Chalmers,28,MIA,3867282
Carl Landry,31,SAC,3842105
Meyers Leonard,22,POR,3800000
O.J. Mayo,27,MIL,3793693
Greivis Vasquez,28,TOR,3678360
Alan Anderson,32,BRK,3678360
J.J. Barea,30,DAL,3657500
Omri Casspi,26,SAC,3649920
Jeremy Lin,26,LAL,3615000
Otto Porter,21,WAS,3553917
Mike Scott,26,ATL,3500000
Anthony Tolliver,29,TOT,3457149
Arron Afflalo,29,TOT,3445947
Rasual Butler,35,WAS,3396250
Jarrett Jack,31,BRK,3368100
Miles Plumlee,26,TOT,3340920
Hollis Thompson,23,PHI,3333333
Avery Bradley,24,BOS,3326235
Ben McLemore,21,SAC,3326235
Tayshaun Prince,34,TOT,3326235
Dennis Schroder,21,ATL,3315120
Thabo Sefolosha,30,ATL,3283320
Evan Turner,26,BOS,3282056
Jerryd Bayless,26,MIL,3278000
Bojan Bogdanovic,25,BRK,3278000
Trey Burke,22,UTA,3278000
Caron Butler,34,DET,3272091
Jordan Clarkson,22,LAL,3250000
Terrence Ross,23,TOR,3200000
Tony Snell,23,CHI,3150000
Jason Thompson,28,SAC,3146068
Richard Jefferson,34,DAL,3135000
Elfrid Payton,20,ORL,3135000
Pablo Prigioni,37,TOT,3116159
Josh Smith,29,TOT,3075880
Cole Aldrich,26,NYK,3049920
Carlos Boozer,33,LAL,3034356
Nick Collison,34,OKC,3026280
Jordan Hill,27,LAL,3013512
Rodney Hood,22,UTA,3000000
Joe Ingles,27,UTA,3000000
Andre Miller,38,TOT,3000000
Alexey Shved,26,TOT,3000000
Steve Blake,34,POR,2997360
Matt Bonner,34,SAS,2989239
Evan Fournier,22,ORL,2943221
Channing Frye,31,ORL,2915908
Ian Mahinmi,28,IND,2894059
Andre Roberson,23,OKC,2873750
Henry Sims,24,PHI,2793960
Andrew Wiggins,19,MIN,2772480
Derrick Williams,23,SAC,2751260
Mo Williams,32,TOT,2750000
Shabazz Muhammad,22,MIN,2745840
Kyle Singler,26,TOT,2732000
Donald Sloan,27,IND,2732000
Matthew Dellavedova,24,CLE,2732000
Joey Dorsey,31,HOU,2732000
James Ennis,24,MIA,2732000
Kevin Garnett,38,TOT,2616975
Gerald Green,29,PHO,2568360
Kevin Martin,31,MIN,2548560
Mike Muscala,23,ATL,2524200
Anderson Varejao,32,CLE,2500000
Shawne Williams,28,TOT,2442455
J.J. Hickson,26,DEN,2439840
C.J. McCollum,23,POR,2433333
Brian Roberts,29,CHO,2421000
Quincy Acy,24,NYK,2397840
Alec Burks,23,UTA,2380594
Dewayne Dedmon,25,ORL,2317920
Festus Ezeli,25,GSW,2300040
Drew Gooden,33,WAS,2277960
Wesley Johnson,27,LAL,2249768
Shane Larkin,22,NYK,2242003
Shawn Marion,36,CLE,2213688
Kevin Seraphin,25,WAS,2204370
Luke Babbitt,25,NOP,2202000
Kent Bazemore,25,ATL,2184960
Dante Cunningham,27,NOP,2106720
Joel Freeland,27,POR,2106720
Jeremy Lamb,22,OKC,2077000
Jusuf Nurkic,20,DEN,2077000
Kyle O'Quinn,24,ORL,2077000
Rajon Rondo,28,TOT,2077000
Larry Sanders,26,MIL,2077000
Dorell Wright,29,POR,2077000
Pero Antic,32,ATL,2075760
Justin Hamilton,24,TOT,2055840
James Jones,34,CLE,2038206
Austin Rivers,22,TOT,2023261
Thomas Robinson,23,TOT,2008748
Iman Shumpert,24,TOT,2000000
Garrett Temple,28,WAS,2000000
Furkan Aldemir,23,PHI,2000000
Isaiah Canaan,23,TOT,1987320
Norris Cole,26,TOT,1971960
Glen Davis,29,LAC,1962103
Udonis Haslem,34,MIA,1953120
Jason Maxiell,31,CHO,1887840
Ray McCallum,23,SAC,1873200
Patrick Mills,26,SAS,1855320
Jameer Nelson,32,TOT,1828750
Charlie Villanueva,30,DAL,1794871
Will Barton,24,TOT,1790281
Chase Budinger,26,MIN,1768653
Allen Crabbe,22,POR,1762680
Jeremy Evans,27,UTA,1762680
Langston Galloway,23,NYK,1750000
Justin Holiday,25,GSW,1703760
Jon Leuer,25,MEM,1690680
Shelvin Mack,24,ATL,1674480
Mitch McGary,22,OKC,1662961
Jabari Parker,19,MIL,1650000
Damjan Rudez,28,IND,1618680
Joel Anthony,32,DET,1606080
Jeff Ayres,27,SAS,1590720
Wayne Ellington,27,LAL,1545840
Reggie Evans,34,SAC,1533840
Alonzo Gee,27,TOT,1519200
Spencer Hawes,26,LAC,1500000
Jerome Jordan,28,BRK,1483920
Nikola Pekovic,29,MIN,1483920
Derrick Rose,26,CHI,1472400
Jason Smith,28,NYK,1458360
Marcus Thornton,27,TOT,1448490
Hedo Turkoglu,35,LAC,1448490
Nick Young,29,LAL,1448490
Nick Calathes,25,MEM,1448490
Luc Mbah a Moute,28,PHI,1448490
Ramon Sessions,28,TOT,1448490
Dion Waiters,23,TOT,1448490
T.J. Warren,21,PHO,1448490
Vince Carter,38,MEM,1448490
Randy Foye,31,DEN,1448490
Aaron Gordon,19,ORL,1424520
Kirk Hinrich,34,CHI,1413480
Ryan Hollins,30,SAC,1400040
Darrell Arthur,26,DEN,1370000
Andrea Bargnani,29,NYK,1357080
Jose Calderon,33,NYK,1344120
John Jenkins,23,ATL,1316809
Michael Carter-Williams,23,TOT,1316809
Tim Hardaway,22,NYK,1316809
Robbie Hummel,25,MIN,1316809
Cory Jefferson,24,BRK,1316809
Chris Johnson,24,TOT,1316809
Tyler Johnson,22,MIA,1312920
Kendall Marshall,23,MIL,1310286
E'Twaun Moore,25,CHI,1310286
Phil Pressey,23,BOS,1302840
Robert Sacre,25,LAL,1302578
Greg Smith,24,DAL,1290360
Jeff Withey,24,NOP,1276061
Elton Brand,35,ATL,1250640
Sergey Karasev,21,BRK,1250000
Ryan Kelly,23,LAL,1238640
Ronnie Price,31,LAL,1227985
Jordan Farmar,28,LAC,1227985
Danny Granger,31,MIA,1227985
K.J. McDaniels,21,TOT,1210080
Gary Neal,30,TOT,1200720
Dwight Powell,23,TOT,1189200
Luke Ridnour,33,ORL,1169880
JaKarr Sampson,21,PHI,1160880
Markel Brown,23,BRK,1149720
Jerami Grant,20,PHI,1145686
Chuck Hayes,31,TOR,1145685
Bernard James,29,DAL,1145685
James McAdoo,22,GSW,1129200
Shabazz Napier,23,MIA,1127400
Kostas Papanikolaou,24,HOU,1112880
Ricky Rubio,24,MIN,1112280
Nik Stauskas,21,SAC,1109760
Jarnell Stokes,21,MEM,1100602
Mirza Teletovic,29,BRK,1100000
Noah Vonleh,19,CHO,1093680
Henry Walker,27,MIA,1090000
Jordan Adams,20,MEM,1082000
Jeff Adrien,28,MIN,1063384
Jabari Brown,22,LAL,1063384
Luigi Datome,27,TOT,1063384
JaMychal Green,24,TOT,1063384
JaVale McGee,27,TOT,1000000
Josh McRoberts,27,MIA,1000000
Mike Miller,34,CLE,1000000
Elijah Millsap,27,UTA,981084
Jason Richardson,34,PHI,981084
Sebastian Telfair,29,OKC,981084
Shayne Whittington,23,IND,981084
Lou Amundson,32,TOT,981084
Kyle Anderson,21,SAS,981084
Anthony Bennett,21,MIN,981084
Lorenzo Brown,24,MIN,981084
Samuel Dalembert,33,NYK,981084
Landry Fields,26,TOR,981084
Ben Gordon,31,ORL,967500
Jorge Gutierrez,26,TOT,948163
P.J. Hairston,22,CHO,948163
Maurice Harkless,21,ORL,948163
Ognjen Kuzmic,24,GSW,948163
John Lucas III,32,DET,948163
Steve Novak,31,TOT,948163
Arinze Onuaku,27,MIN,948163
A.J. Price,28,TOT,948163
Nate Robinson,30,TOT,948163
Jeffery Taylor,25,CHO,915243
Ekpe Udoh,27,LAC,915243
Tony Wroten,21,PHI,915243
James Young,19,BOS,915243
Kobe Bryant,36,LAL,915243
Ian Clark,23,TOT,915243
Jack Cooley,23,UTA,915243
Bryce Cotton,22,UTA,915243
Troy Daniels,23,TOT,915243
Brandon Davies,23,TOT,915243
Toney Douglas,28,NOP,915243
Raymond Felton,30,DAL,915243
Jimmer Fredette,25,NOP,915243
Archie Goodwin,20,PHO,915243
Joe Harris,23,CLE,884879
Lester Hudson,30,LAC,884879
Perry Jones,23,OKC,884879
Kenyon Martin,37,MIL,880000
Jannero Pargo,35,CHO,862000
Reggie Williams,28,SAS,831942
DeJuan Blair,25,WAS,816482
Reggie Bullock,23,TOT,816482
Dwight Buycks,25,LAL,816482
Victor Claver,26,POR,816482
Spencer Dinwiddie,21,DET,816482
Jordan Hamilton,24,LAC,816482
Sean Kilpatrick,25,MIN,816482
Joffrey Lauvergne,23,DEN,816482
Nazr Mohammed,37,CHI,816482
Andrew Nicholson,25,ORL,816482
Kendrick Perkins,30,TOT,816482
Glenn Robinson III,21,TOT,816482
John Salmons,35,NOP,816482
Greg Stiemsma,29,TOR,816482
Malcolm Thomas,26,PHI,816482
Tyrus Thomas,28,MEM,816482
Gerald Wallace,32,BOS,816482
Elliot Williams,25,TOT,816482
Earl Barron,33,PHO,816482
Jerrelle Benimon,23,UTA,816481
Sim Bhullar,22,SAC,777778
Shannon Brown,29,MIA,769881
Clint Capela,20,HOU,725000
Will Cherry,23,CLE,702756
Jared Cunningham,23,LAC,700000
Seth Curry,24,PHO,635827
Austin Daye,26,TOT,613478
Chris Douglas-Roberts,28,LAC,600000
Jamaal Franklin,23,DEN,507336
Paul George,24,IND,507336
Erick Green,23,DEN,507336
Brendan Haywood,35,CLE,507336
Dahntay Jones,34,LAC,507336
Andrei Kirilenko,33,BRK,507336
Alex Kirk,23,CLE,507336
Malcolm Lee,24,PHI,507336
Kalin Lucas,25,MEM,507336
Doug McDermott,23,CHI,507336
Eric Moreland,23,SAC,507336
Lucas Nogueira,22,TOR,507336
Miroslav Raduljica,27,MIN,507336
Shavlik Randolph,31,TOT,507336
David Stockton,23,SAC,507336
Ronny Turiaf,32,MIN,507336
David Wear,24,SAC,507336
Martell Webster,28,WAS,507336
C.J. Wilcox,24,LAC,507336
Cameron Bairstow,24,CHI,507336
Michael Beasley,26,MIA,507336
Bruno Caboclo,19,TOR,507336
Patrick Christopher,26,UTA,507336
Earl Clark,27,BRK,414551
Chris Copeland,30,IND,400000
Andre Dawkins,23,MIA,398400
Zoran Dragic,25,TOT,379010
Dante Exum,19,UTA,344036
Tim Frazier,24,TOT,336966
Drew Gordon,24,PHI,300000
Willie Green,33,ORL,268959
Xavier Henry,23,LAL,262057
Grant Jerrett,21,TOT,241731
Nick Johnson,22,HOU,235762
Devyn Marble,22,ORL,199950
Jerel McNeal,27,PHO,196217
Darius Miller,24,NOP,183049
Quincy Miller,22,TOT,167122
Toure' Murry,25,TOT,163296
Julius Randle,20,LAL,150591
Glen Rice,24,WAS,143870
Ish Smith,26,TOT,134295
Russ Smith,23,TOT,100000
Vander Blue,22,LAL,92514
Will Bynum,32,WAS,65000
Francisco Garcia,33,HOU,62552
Cartier Martin,30,DET,62552
Gal Mekel,26,NOP,62437
Nate Wolters,23,TOT,57726
Tyler Ennis,20,TOT,57711
Brandon Rush,29,GSW,53838
Travis Wear,24,NYK,50734
Larry Drew,24,PHI,48028
Cleanthony Early,23,NYK,44765
Darius Morris,24,BRK,43226
Lance Thomas,26,TOT,35000
Johnny O'Bryant,21,MIL,35000
Adreian Payne,23,TOT,29843
Ricky Ledo,22,TOT,29843
Gary Harris,20,DEN,29843
Zach LaVine,19,MIN,29843
Lance Stephenson,24,CHO,14409
